<?xml version="1.0" encoding="utf-8" standalone="yes"?>
<foxml:digitalObject PID="uuid:ecc96462-e38d-11e0-8fb5-001e4ff27ac1" VERSION="1.1" xsi:schemaLocation="info:fedora/fedora-system:def/foxml# http://www.fedora.info/definitions/1/0/foxml1-1.xsd" xmlns:foxml="info:fedora/fedora-system:def/foxml#" xmlns:xsi="http://www.w3.org/2001/XMLSchema-instance">
    <foxml:objectProperties>
        <foxml:property VALUE="Milostné léto" NAME="info:fedora/fedora-system:def/model#label"/>
        <foxml:property VALUE="Active" NAME="info:fedora/fedora-system:def/model#state"/>
        <foxml:property VALUE="fedoraAdmin" NAME="info:fedora/fedora-system:def/model#ownerId"/>
        <foxml:property VALUE="2011-09-20T15:39:12.367Z" NAME="info:fedora/fedora-system:def/model#createdDate"/>
        <foxml:property VALUE="2011-09-20T15:39:12.367Z" NAME="info:fedora/fedora-system:def/view#lastModifiedDate"/>
    </foxml:objectProperties>
    <foxml:datastream VERSIONABLE="true" STATE="A" CONTROL_GROUP="X" ID="DC">
        <foxml:datastreamVersion FORMAT_URI="http://www.openarchives.org/OAI/2.0/oai_dc/" MIMETYPE="text/xml" CREATED="2011-09-20T15:39:12" LABEL="Dublin Core Record for this object" ID="DC.1">
            <foxml:xmlContent>
                <oai_dc:dc xmlns:dc="http://purl.org/dc/elements/1.1/" xmlns:oai_dc="http://www.openarchives.org/OAI/2.0/oai_dc/">
                    <dc:title>Milostné léto</dc:title>
                    <dc:creator>Klíma Ivan</dc:creator>
                    <dc:publisher>Academia</dc:publisher>
                </oai_dc:dc>
            </foxml:xmlContent>
        </foxml:datastreamVersion>
    </foxml:datastream>
    <foxml:datastream VERSIONABLE="true" STATE="A" CONTROL_GROUP="X" ID="BIBLIO_MODS">
        <foxml:datastreamVersion MIMETYPE="text/xml" CREATED="2011-09-20T15:39:12" LABEL="BIBLIO_MODS description of current object" ID="BIBLIO_MODS.1">
            <foxml:xmlContent>
                <mods:modsCollection xmlns:mods="http://www.loc.gov/mods/v3">
                    <mods:mods version="3.3">
                        <mods:identifier type="urn">{7D9C6D80-CCB7-11E0-BE72-0030487BE43A} ecc96462-e38d-11e0-8fb5-001e4ff27ac1</mods:identifier>
                        <mods:identifier type="sici"/>
                        <mods:identifier type="isbn">80-200-0916-7</mods:identifier>
                        <mods:identifier type="issn"/>
                        <mods:titleInfo>
                            <mods:title>Milostné léto</mods:title>
                            <mods:subTitle/>
                        </mods:titleInfo>
                        <mods:titleInfo type="alternative">
                            <mods:title/>
                        </mods:titleInfo>
                        <mods:subject>
                            <mods:topic>70. léta 20. stol. 70. léta 20. stol. (doba děje-beletrie MK) beletrie 2002 česká literatura normalizace psychologické romány (beletrie MK) společensko-kritické romány (beletrie MK)</mods:topic>
                            <mods:cartographics>
                                <mods:scale/>
                            </mods:cartographics>
                        </mods:subject>
                        <mods:abstract>Tragikomický příběh vědce, který se v době normalizace milostným vzplanutím pokouší kompenzovat své pocity životního neuspokojení. Setkání s mladou zvláštní dívkou změní od základu život úspěšného vědce - muž, žijící dosud spořádaným životem, se dopouští jedné pošetilosti za druhou a obrátí naruby i život své rodiny. Banální milostný příběh se však postupně mění v líčení všeobecně platného zápasu člověka, který se snaží ze všech sil uniknout osudu, ale nakonec podlehne prázdnotě nenaplněného života. Příběh dává autorovi příležitost k brilantnímu zachycení lidských charakterů i bezvýchodné dobové atmosféry.</mods:abstract>
                        <mods:name type="personal">
                            <mods:namePart type="family">Klíma</mods:namePart>
                            <mods:namePart type="given">Ivan</mods:namePart>
                            <mods:role>
                                <mods:roleTerm type="code">cre</mods:roleTerm>
                                <mods:roleTerm type="text">Author</mods:roleTerm>
                            </mods:role>
                        </mods:name>
                        <mods:typeOfResource>text</mods:typeOfResource>
                        <mods:originInfo transliteration="publisher">
                            <mods:place>
                                <mods:placeTerm type="text">Praha</mods:placeTerm>
                            </mods:place>
                            <mods:publisher>Academia</mods:publisher>
                            <mods:dateIssued>2001</mods:dateIssued>
                        </mods:originInfo>
                        <mods:originInfo>
                            <mods:issuance>monographic</mods:issuance>
                        </mods:originInfo>
                        <mods:physicalDescription>
                            <mods:form type="technique"/>
                            <mods:form type="material"/>
                            <mods:extent>197 s.,21 cm</mods:extent>
                            <mods:note/>
                        </mods:physicalDescription>
                        <mods:classification authority="ddc"/>
                        <mods:classification authority="udc"/>
                        <mods:relatedItem type="series">
                            <mods:titleInfo>
                                <mods:title/>
                            </mods:titleInfo>
                        </mods:relatedItem>
                        <mods:accessCondition type="restrictionOnAccess"/>
                    </mods:mods>
                </mods:modsCollection>
            </foxml:xmlContent>
        </foxml:datastreamVersion>
    </foxml:datastream>
    <foxml:datastream VERSIONABLE="false" STATE="A" CONTROL_GROUP="E" ID="IMG_THUMB">
        <foxml:datastreamVersion MIMETYPE="image/jpeg" CREATED="2011-05-24T04:40:51" ID="IMG_THUMB.0">
            <foxml:contentLocation REF="file:/kramerius/01/documentrepository/PDF/8020009167---_KLIMA_Milostne_leto/8020009167---_KLIMA_Milostne_leto_thumb.jpg" TYPE="URL"/>
        </foxml:datastreamVersion>
    </foxml:datastream>
     <foxml:datastream VERSIONABLE="false" STATE="A" CONTROL_GROUP="E" ID="IMG_PREVIEW">
        <foxml:datastreamVersion MIMETYPE="image/jpeg" CREATED="2011-05-24T04:40:52" ID="IMG_PREVIEW.0">
            <foxml:contentLocation REF="file:/kramerius/01/documentrepository/PDF/8020009167---_KLIMA_Milostne_leto/8020009167---_KLIMA_Milostne_leto_001.jpg" TYPE="URL"/>
        </foxml:datastreamVersion>
    </foxml:datastream>
 <foxml:datastream VERSIONABLE="false" STATE="A" CONTROL_GROUP="E" ID="IMG_FULL">
        <foxml:datastreamVersion MIMETYPE="application/pdf" CREATED="2011-05-24T04:40:53" ID="IMG_FULL.0">
            <foxml:contentLocation REF="file:/kramerius/01/documentrepository/PDF/8020009167---_KLIMA_Milostne_leto/8020009167---_KLIMA_Milostne_leto.pdf" TYPE="URL"/>
        </foxml:datastreamVersion>
    </foxml:datastream>
    <foxml:datastream VERSIONABLE="true" STATE="A" CONTROL_GROUP="X" ID="RELS-EXT">
        <foxml:datastreamVersion FORMAT_URI="info:fedora/fedora-system:FedoraRELSExt-1.0" MIMETYPE="application/rdf+xml" CREATED="2011-09-20T15:39:12" LABEL="RDF Statements about this object" ID="RELS-EXT.1">
            <foxml:xmlContent>
                <rdf:RDF xmlns:fedora-model="info:fedora/fedora-system:def/model#" xmlns:rdf="http://www.w3.org/1999/02/22-rdf-syntax-ns#" xmlns:kramerius="http://www.nsdl.org/ontologies/relationships#">
                    <rdf:Description rdf:about="info:fedora/uuid:ecc96462-e38d-11e0-8fb5-001e4ff27ac1">
                        <fedora-model:hasModel rdf:resource="info:fedora/model:monograph"/>
                         <kramerius:policy>policy:private</kramerius:policy>
                        </rdf:Description>
                        </rdf:RDF>
                         </foxml:xmlContent>
                         </foxml:datastreamVersion>               
</foxml:datastream>
</foxml:digitalObject>
